INSERT INTO MST_STATE(STATE,NAME) VALUES ('100','Goolgle ID');
INSERT INTO MST_STATE(STATE,NAME) VALUES ('101','Private ID');
INSERT INTO MST_STATE(STATE,NAME) VALUES ('200','Applying');
INSERT INTO MST_STATE(STATE,NAME) VALUES ('201','Application refused');
INSERT INTO MST_STATE(STATE,NAME) VALUES ('202','Application approved');
INSERT INTO MST_STATE(STATE,NAME) VALUES ('999','Default Transaction Data');
INSERT INTO MST_LOOK_UP(`KEY`,`VALUE`) VALUES('DefaultCompany','1');
INSERT INTO MST_LOOK_UP(`KEY`,`VALUE`) VALUES('DefaultGroup','2');

INSERT INTO MST_CARD_STEP(STEP,NAME) VALUES ('HOME','Main tile');
INSERT INTO MST_CARD_STEP(STEP, NAME) VALUES ('ADMN', 'Admin tile');

INSERT INTO MST_CARD_TYPE(CARD_TYPE,NAME) VALUES ('IMG','Image Card');
INSERT INTO MST_CARD_TYPE(CARD_TYPE,NAME) VALUES ('EVT','Default Card');

INSERT INTO MST_CARD (CODE,NAME,HREF,STEP,TITLE,DESCRIPTION,IMG,ICON,COLOR,CARD_TYPE,ORDER_SEQ) VALUES ('ADMN','Admin','./#!/admin','HOME',null,'',null,null,null,'IMG',1);
INSERT INTO MST_CARD (CODE,NAME,HREF,STEP,TITLE,DESCRIPTION,IMG,ICON,COLOR,CARD_TYPE,ORDER_SEQ) VALUES ('PRFL','Profile','./#!/profile','HOME',null,'',null,null,null,'IMG',2);
INSERT INTO MST_CARD (CODE,NAME,HREF,STEP,TITLE,DESCRIPTION,IMG,ICON,COLOR,CARD_TYPE,ORDER_SEQ) VALUES ('USMN','User management','./#!/applymanagement','ADMN',null,'',null,null,null,'IMG',1);
INSERT INTO MST_CARD (CODE,NAME,HREF,STEP,TITLE,DESCRIPTION,IMG,ICON,COLOR,CARD_TYPE,ORDER_SEQ) VALUES ('VWRL','Card view role','./#!/cardviewrole','ADMN',null,'',null,null,null,'IMG',2);
INSERT INTO MST_CARD (CODE,NAME,HREF,STEP,TITLE,DESCRIPTION,IMG,ICON,COLOR,CARD_TYPE,ORDER_SEQ) VALUES ('ATRL','Action role','./#!/actionrole','ADMN',null,'',null,null,null,'IMG',3);

INSERT INTO MST_ROLE (ROLE,NAME) VALUES ('CMCH','COMPANY_CHANGE');
INSERT INTO MST_ROLE (ROLE,NAME) VALUES ('GRCH','GROUP CHANGE');

INSERT INTO TSN_STATE_INFO (CREATER,CREATE_DATE,IS_DELETE,STATE) VALUES ('INIT',now(),false,999);
INSERT INTO TSN_COMPANY(NAME,STATE) VALUES ('Administrator Company',1);

INSERT INTO TSN_STATE_INFO (CREATER,CREATE_DATE,IS_DELETE,STATE) VALUES ('INIT',now(),false,999);
INSERT INTO TSN_GROUP(NAME,COMPANY_ID,STATE) VALUES ('Administrator',1,2);

INSERT INTO TSN_STATE_INFO (CREATER,CREATE_DATE,IS_DELETE,STATE) VALUES ('INIT',now(),false,999);
INSERT INTO TSN_GROUP(NAME,COMPANY_ID,STATE) VALUES ('Guest',1,3);

INSERT INTO TSN_STATE_INFO (CREATER,CREATE_DATE,IS_DELETE,STATE) VALUES ('INIT',now(),false,999);
INSERT INTO TSN_USER (ID,GIVEN_NAME,NAME,NICK_NAME,COMPANY_ID,GROUP_ID,STATE) VALUES ('admin','Administrator','Administrator','Administrator',1,1,4);

INSERT INTO TSN_STATE_INFO (CREATER,CREATE_DATE,IS_DELETE,STATE) VALUES ('INIT',now(),false,null);
INSERT INTO TSN_PASSWORD (ID,PASSWORD,STATE) VALUES ('admin',MD5('admin'),5);

INSERT INTO TSN_STATE_INFO (CREATER,CREATE_DATE,IS_DELETE,STATE) VALUES ('INIT',now(),false,999);
INSERT INTO MAP_VIEW_ROLE_COMPANY(CARD_CODE,COMPANY_ID,STATE) VALUES ('ADMN',1,6);

INSERT INTO TSN_STATE_INFO (CREATER,CREATE_DATE,IS_DELETE,STATE) VALUES ('INIT',now(),false,999);
INSERT INTO MAP_VIEW_ROLE_GROUP(CARD_CODE,GROUP_ID,STATE) VALUES ('ADMN',1,7);

INSERT INTO TSN_STATE_INFO (CREATER,CREATE_DATE,IS_DELETE,STATE) VALUES ('INIT',now(),false,999);
INSERT INTO MAP_VIEW_ROLE_COMPANY(CARD_CODE,COMPANY_ID,STATE) VALUES ('PRFL',1,8);

INSERT INTO TSN_STATE_INFO (CREATER,CREATE_DATE,IS_DELETE,STATE) VALUES ('INIT',now(),false,999);
INSERT INTO MAP_VIEW_ROLE_GROUP(CARD_CODE,GROUP_ID,STATE) VALUES ('PRFL',2,9);

INSERT INTO TSN_STATE_INFO (CREATER,CREATE_DATE,IS_DELETE,STATE) VALUES ('INIT',now(),false,999);
INSERT INTO MAP_VIEW_ROLE_COMPANY(CARD_CODE,COMPANY_ID,STATE) VALUES ('USMN',1,10);

INSERT INTO TSN_STATE_INFO (CREATER,CREATE_DATE,IS_DELETE,STATE) VALUES ('INIT',now(),false,999);
INSERT INTO MAP_VIEW_ROLE_GROUP(CARD_CODE,GROUP_ID,STATE) VALUES ('USMN',1,11);

INSERT INTO TSN_STATE_INFO (CREATER,CREATE_DATE,IS_DELETE,STATE) VALUES ('INIT',now(),false,999);
INSERT INTO MAP_VIEW_ROLE_COMPANY(CARD_CODE,COMPANY_ID,STATE) VALUES ('VWRL',1,12);

INSERT INTO TSN_STATE_INFO (CREATER,CREATE_DATE,IS_DELETE,STATE) VALUES ('INIT',now(),false,999);
INSERT INTO MAP_VIEW_ROLE_GROUP(CARD_CODE,GROUP_ID,STATE) VALUES ('VWRL',1,13);

INSERT INTO TSN_STATE_INFO (CREATER,CREATE_DATE,IS_DELETE,STATE) VALUES ('INIT',now(),false,999);
INSERT INTO MAP_VIEW_ROLE_COMPANY(CARD_CODE,COMPANY_ID,STATE) VALUES ('ATRL',1,14);

INSERT INTO TSN_STATE_INFO (CREATER,CREATE_DATE,IS_DELETE,STATE) VALUES ('INIT',now(),false,999);
INSERT INTO MAP_VIEW_ROLE_GROUP(CARD_CODE,GROUP_ID,STATE) VALUES ('ATRL',1,15);

INSERT INTO TSN_STATE_INFO (CREATER,CREATE_DATE,IS_DELETE,STATE) VALUES ('INIT',now(),false,999);
INSERT INTO MAP_ACTION_ROLE_COMPANY(ROLE_CODE,COMPANY_ID,STATE) VALUES ('CMCH',1,16);

INSERT INTO TSN_STATE_INFO (CREATER,CREATE_DATE,IS_DELETE,STATE) VALUES ('INIT',now(),false,999);
INSERT INTO MAP_ACTION_ROLE_GROUP(ROLE_CODE,GROUP_ID,STATE) VALUES ('CMCH',1,17);

INSERT INTO TSN_STATE_INFO (CREATER,CREATE_DATE,IS_DELETE,STATE) VALUES ('INIT',now(),false,999);
INSERT INTO MAP_ACTION_ROLE_COMPANY(ROLE_CODE,COMPANY_ID,STATE) VALUES ('GRCH',1,18);

INSERT INTO TSN_STATE_INFO (CREATER,CREATE_DATE,IS_DELETE,STATE) VALUES ('INIT',now(),false,999);
INSERT INTO MAP_ACTION_ROLE_GROUP(ROLE_CODE,GROUP_ID,STATE) VALUES ('GRCH',1,19);

