INSERT INTO MST_STATE(STATE,NAME) VALUES ('100','Goolgle ID');
INSERT INTO MST_STATE(STATE,NAME) VALUES ('101','Private ID');
INSERT INTO MST_STATE(STATE,NAME) VALUES ('200','Applying');
INSERT INTO MST_STATE(STATE,NAME) VALUES ('201','Application refused');
INSERT INTO MST_STATE(STATE,NAME) VALUES ('202','Application approved');
INSERT INTO MST_STATE(STATE,NAME) VALUES ('999','Default Transaction Data');
INSERT INTO MST_LOOK_UP(`KEY`,`VALUE`) VALUES('DefaultCompany','');
INSERT INTO MST_LOOK_UP(`KEY`,`VALUE`) VALUES('DefaultGroup','');

INSERT INTO MST_CARD_STEP(STEP, NAME) VALUES ('HOME','Main tile');
INSERT INTO MST_CARD_STEP(STEP, NAME) VALUES ('ADMN', 'Admin tile');
INSERT INTO MST_CARD_STEP(STEP, NAME) VALUES ('MAST', 'Master setting tile');
INSERT INTO MST_CARD_STEP(STEP, NAME) VALUES ('MODL', 'Modal type');

INSERT INTO MST_CARD_TYPE(CARD_TYPE,NAME) VALUES ('IMG','Image Card');
INSERT INTO MST_CARD_TYPE(CARD_TYPE,NAME) VALUES ('EVT','Default Card');
INSERT INTO MST_CARD_TYPE(CARD_TYPE,NAME) VALUES ('MDL','Modal Card');

INSERT INTO MST_CARD (CODE,NAME,HREF,STEP,TITLE,DESCRIPTION,IMG,ICON,COLOR,CARD_TYPE,ORDER_SEQ) VALUES ('ADMN','Admin','./#!/admin','HOME',null,'',null,null,null,'IMG',1);
INSERT INTO MST_CARD (CODE,NAME,HREF,STEP,TITLE,DESCRIPTION,IMG,ICON,COLOR,CARD_TYPE,ORDER_SEQ) VALUES ('PRFL','Profile','./#!/profile','MODL',null,'',null,null,null,'MDL',2);
INSERT INTO MST_CARD (CODE,NAME,HREF,STEP,TITLE,DESCRIPTION,IMG,ICON,COLOR,CARD_TYPE,ORDER_SEQ) VALUES ('USMN','User Management','./#!/usermanagement','ADMN',null,'',null,null,null,'IMG',1);
INSERT INTO MST_CARD (CODE,NAME,HREF,STEP,TITLE,DESCRIPTION,IMG,ICON,COLOR,CARD_TYPE,ORDER_SEQ) VALUES ('CGST','Company & Group Setting','./#!/comgroupsetting','ADMN',null,'',null,null,null,'IMG',2);
INSERT INTO MST_CARD (CODE,NAME,HREF,STEP,TITLE,DESCRIPTION,IMG,ICON,COLOR,CARD_TYPE,ORDER_SEQ) VALUES ('VWRL','View Role','./#!/cardviewrole','ADMN',null,'',null,null,null,'IMG',3);
INSERT INTO MST_CARD (CODE,NAME,HREF,STEP,TITLE,DESCRIPTION,IMG,ICON,COLOR,CARD_TYPE,ORDER_SEQ) VALUES ('ATRL','Action Role','./#!/actionrole','ADMN',null,'',null,null,null,'IMG',4);
INSERT INTO MST_CARD (CODE,NAME,HREF,STEP,TITLE,DESCRIPTION,IMG,ICON,COLOR,CARD_TYPE,ORDER_SEQ) VALUES ('MSST','Data Master Setting','./#!/datamastersetting','ADMN',null,'',null,null,null,'IMG',5);
INSERT INTO MST_CARD (CODE,NAME,HREF,STEP,TITLE,DESCRIPTION,IMG,ICON,COLOR,CARD_TYPE,ORDER_SEQ) VALUES ('CMST','Card Master Setting','./#!/cardmastersetting','MAST',null,'',null,null,null,'IMG',1);


INSERT INTO MST_ROLE (ROLE,NAME) VALUES ('CMCH','COMPANY_CHANGE');
INSERT INTO MST_ROLE (ROLE,NAME) VALUES ('GRCH','GROUP CHANGE');